Cloudlet;Status ;DC;Host;Host PEs ;VM;VM PEs   ;CloudletLen;FinishedLen;CloudletPEs;StartTime;FinishTime;ExecTime;RAM Utilization;CPU Utilization;Datacenter
ID;;ID;ID;CPU cores;ID;CPU cores;MI;MI;CPU cores;Seconds;Seconds;Seconds;     Percentage;     Percentage;          
0;SUCCESS;1;0;8;0;4;5000;5000;4;0;5;5;          50.00;         100.00;Datacenter 1
2;SUCCESS;1;1;8;2;4;5000;5000;4;0;5;5;          50.00;         100.00;Datacenter 1
4;SUCCESS;1;2;8;4;4;5000;5000;4;0;5;5;          50.00;         100.00;Datacenter 1
6;SUCCESS;1;3;8;6;4;5000;5000;4;0;5;5;          50.00;         100.00;Datacenter 1
8;SUCCESS;1;4;8;8;4;5000;5000;4;0;5;5;          50.00;         100.00;Datacenter 1
10;SUCCESS;1;5;8;10;4;5000;5000;4;0;5;5;          50.00;         100.00;Datacenter 1
12;SUCCESS;1;6;8;12;4;5000;5000;4;0;5;5;          50.00;         100.00;Datacenter 1
14;SUCCESS;1;7;8;14;4;5000;5000;4;0;5;5;          50.00;         100.00;Datacenter 1
16;SUCCESS;1;8;8;16;4;5000;5000;4;0;5;5;          50.00;         100.00;Datacenter 1
18;SUCCESS;1;9;8;18;4;5000;5000;4;0;5;5;          50.00;         100.00;Datacenter 1
20;SUCCESS;1;10;8;20;4;5000;5000;4;0;5;5;          50.00;         100.00;Datacenter 1
22;SUCCESS;1;11;8;22;4;5000;5000;4;0;5;5;          50.00;         100.00;Datacenter 1
24;SUCCESS;1;12;8;24;4;5000;5000;4;0;5;5;          50.00;         100.00;Datacenter 1
26;SUCCESS;1;13;8;26;4;5000;5000;4;0;5;5;          50.00;         100.00;Datacenter 1
28;SUCCESS;1;14;8;28;4;5000;5000;4;0;5;5;          50.00;         100.00;Datacenter 1
30;SUCCESS;1;15;8;30;4;5000;5000;4;0;5;5;          50.00;         100.00;Datacenter 1
32;SUCCESS;1;16;8;32;4;5000;5000;4;0;5;5;          50.00;         100.00;Datacenter 1
34;SUCCESS;1;17;8;34;4;5000;5000;4;0;5;5;          50.00;         100.00;Datacenter 1
36;SUCCESS;1;18;8;36;4;5000;5000;4;0;5;5;          50.00;         100.00;Datacenter 1
38;SUCCESS;1;19;8;38;4;5000;5000;4;0;5;5;          50.00;         100.00;Datacenter 1
40;SUCCESS;1;20;8;40;4;5000;5000;4;0;5;5;          50.00;         100.00;Datacenter 1
42;SUCCESS;1;21;8;42;4;5000;5000;4;0;5;5;          50.00;         100.00;Datacenter 1
44;SUCCESS;1;22;8;44;4;5000;5000;4;0;5;5;          50.00;         100.00;Datacenter 1
46;SUCCESS;1;23;8;46;4;5000;5000;4;0;5;5;          50.00;         100.00;Datacenter 1
48;SUCCESS;1;24;8;48;4;5000;5000;4;0;5;5;          50.00;         100.00;Datacenter 1
1;SUCCESS;1;0;8;1;4;5000;5000;4;0;5;5;          50.00;         100.00;Datacenter 1
3;SUCCESS;1;1;8;3;4;5000;5000;4;0;5;5;          50.00;         100.00;Datacenter 1
5;SUCCESS;1;2;8;5;4;5000;5000;4;0;5;5;          50.00;         100.00;Datacenter 1
7;SUCCESS;1;3;8;7;4;5000;5000;4;0;5;5;          50.00;         100.00;Datacenter 1
9;SUCCESS;1;4;8;9;4;5000;5000;4;0;5;5;          50.00;         100.00;Datacenter 1
11;SUCCESS;1;5;8;11;4;5000;5000;4;0;5;5;          50.00;         100.00;Datacenter 1
13;SUCCESS;1;6;8;13;4;5000;5000;4;0;5;5;          50.00;         100.00;Datacenter 1
15;SUCCESS;1;7;8;15;4;5000;5000;4;0;5;5;          50.00;         100.00;Datacenter 1
17;SUCCESS;1;8;8;17;4;5000;5000;4;0;5;5;          50.00;         100.00;Datacenter 1
19;SUCCESS;1;9;8;19;4;5000;5000;4;0;5;5;          50.00;         100.00;Datacenter 1
21;SUCCESS;1;10;8;21;4;5000;5000;4;0;5;5;          50.00;         100.00;Datacenter 1
23;SUCCESS;1;11;8;23;4;5000;5000;4;0;5;5;          50.00;         100.00;Datacenter 1
25;SUCCESS;1;12;8;25;4;5000;5000;4;0;5;5;          50.00;         100.00;Datacenter 1
27;SUCCESS;1;13;8;27;4;5000;5000;4;0;5;5;          50.00;         100.00;Datacenter 1
29;SUCCESS;1;14;8;29;4;5000;5000;4;0;5;5;          50.00;         100.00;Datacenter 1
31;SUCCESS;1;15;8;31;4;5000;5000;4;0;5;5;          50.00;         100.00;Datacenter 1
33;SUCCESS;1;16;8;33;4;5000;5000;4;0;5;5;          50.00;         100.00;Datacenter 1
35;SUCCESS;1;17;8;35;4;5000;5000;4;0;5;5;          50.00;         100.00;Datacenter 1
37;SUCCESS;1;18;8;37;4;5000;5000;4;0;5;5;          50.00;         100.00;Datacenter 1
39;SUCCESS;1;19;8;39;4;5000;5000;4;0;5;5;          50.00;         100.00;Datacenter 1
41;SUCCESS;1;20;8;41;4;5000;5000;4;0;5;5;          50.00;         100.00;Datacenter 1
43;SUCCESS;1;21;8;43;4;5000;5000;4;0;5;5;          50.00;         100.00;Datacenter 1
45;SUCCESS;1;22;8;45;4;5000;5000;4;0;5;5;          50.00;         100.00;Datacenter 1
47;SUCCESS;1;23;8;47;4;5000;5000;4;0;5;5;          50.00;         100.00;Datacenter 1
49;SUCCESS;1;24;8;49;4;5000;5000;4;0;5;5;          50.00;         100.00;Datacenter 1
51;SUCCESS;15;1;8;51;4;10200;10200;4;10;506;495;          50.00;         100.00;Datacenter 15
52;SUCCESS;15;2;8;52;4;10400;10400;4;10;506;496;          50.00;         100.00;Datacenter 15
53;SUCCESS;15;3;8;53;4;10300;10300;4;10;506;496;          50.00;         100.00;Datacenter 15
57;SUCCESS;15;7;8;57;4;10200;10200;4;10;506;496;          50.00;         100.00;Datacenter 15
58;SUCCESS;15;8;8;58;4;10200;10200;4;10;506;496;          50.00;         100.00;Datacenter 15
55;SUCCESS;15;5;8;55;4;10600;10600;4;10;506;496;          50.00;         100.00;Datacenter 15
56;SUCCESS;15;6;8;56;4;10500;10500;4;10;506;496;          50.00;         100.00;Datacenter 15
54;SUCCESS;15;4;8;54;4;10800;10800;4;10;506;496;          50.00;         100.00;Datacenter 15
62;SUCCESS;15;12;8;62;4;10200;10200;4;10;507;497;          50.00;         100.00;Datacenter 15
59;SUCCESS;15;9;8;59;4;11000;11000;4;10;507;497;          50.00;         100.00;Datacenter 15
60;SUCCESS;15;10;8;60;4;10900;10900;4;10;507;497;          50.00;         100.00;Datacenter 15
63;SUCCESS;15;13;8;63;4;10700;10700;4;10;507;497;          50.00;         100.00;Datacenter 15
61;SUCCESS;15;11;8;61;4;11000;11000;4;10;507;497;          50.00;         100.00;Datacenter 15
69;SUCCESS;15;19;8;69;4;10200;10200;4;10;507;497;          50.00;         100.00;Datacenter 15
70;SUCCESS;15;20;8;70;4;10100;10100;4;10;507;497;          50.00;         100.00;Datacenter 15
71;SUCCESS;15;21;8;71;4;10100;10100;4;10;507;497;          50.00;         100.00;Datacenter 15
64;SUCCESS;15;14;8;64;4;10900;10900;4;10;508;497;          50.00;         100.00;Datacenter 15
66;SUCCESS;15;16;8;66;4;10800;10800;4;10;508;498;          50.00;         100.00;Datacenter 15
65;SUCCESS;15;15;8;65;4;11000;11000;4;10;508;498;          50.00;         100.00;Datacenter 15
73;SUCCESS;15;23;8;73;4;10200;10200;4;10;508;498;          50.00;         100.00;Datacenter 15
67;SUCCESS;15;17;8;67;4;10900;10900;4;10;508;498;          50.00;         100.00;Datacenter 15
68;SUCCESS;15;18;8;68;4;10800;10800;4;10;508;498;          50.00;         100.00;Datacenter 15
77;SUCCESS;15;2;8;77;4;10100;10100;4;10;508;498;          50.00;         100.00;Datacenter 15
75;SUCCESS;15;0;8;75;4;10600;10600;4;10;508;498;          50.00;         100.00;Datacenter 15
72;SUCCESS;15;22;8;72;4;10800;10800;4;10;508;498;          50.00;         100.00;Datacenter 15
79;SUCCESS;15;4;8;79;4;10400;10400;4;10;508;498;          50.00;         100.00;Datacenter 15
82;SUCCESS;15;7;8;82;4;10100;10100;4;10;508;498;          50.00;         100.00;Datacenter 15
74;SUCCESS;15;24;8;74;4;10800;10800;4;10;508;498;          50.00;         100.00;Datacenter 15
78;SUCCESS;15;3;8;78;4;10700;10700;4;10;509;499;          50.00;         100.00;Datacenter 15
84;SUCCESS;15;9;8;84;4;10200;10200;4;10;509;499;          50.00;         100.00;Datacenter 15
76;SUCCESS;15;1;8;76;4;11000;11000;4;10;509;499;          50.00;         100.00;Datacenter 15
81;SUCCESS;15;6;8;81;4;10600;10600;4;10;509;499;          50.00;         100.00;Datacenter 15
83;SUCCESS;15;8;8;83;4;10400;10400;4;10;509;499;          50.00;         100.00;Datacenter 15
86;SUCCESS;15;11;8;86;4;10100;10100;4;10;509;499;          50.00;         100.00;Datacenter 15
80;SUCCESS;15;5;8;80;4;10900;10900;4;10;509;499;          50.00;         100.00;Datacenter 15
87;SUCCESS;15;12;8;87;4;10300;10300;4;10;509;499;          50.00;         100.00;Datacenter 15
85;SUCCESS;15;10;8;85;4;10800;10800;4;10;509;499;          50.00;         100.00;Datacenter 15
91;SUCCESS;15;16;8;91;4;10200;10200;4;10;509;499;          50.00;         100.00;Datacenter 15
90;SUCCESS;15;15;8;90;4;10400;10400;4;10;510;499;          50.00;         100.00;Datacenter 15
92;SUCCESS;15;17;8;92;4;10400;10400;4;10;510;500;          50.00;         100.00;Datacenter 15
88;SUCCESS;15;13;8;88;4;10900;10900;4;10;510;500;          50.00;         100.00;Datacenter 15
95;SUCCESS;15;20;8;95;4;10200;10200;4;10;510;500;          50.00;         100.00;Datacenter 15
89;SUCCESS;15;14;8;89;4;11000;11000;4;10;510;500;          50.00;         100.00;Datacenter 15
94;SUCCESS;15;19;8;94;4;10600;10600;4;10;510;500;          50.00;         100.00;Datacenter 15
99;SUCCESS;15;24;8;99;4;10100;10100;4;10;510;500;          50.00;         100.00;Datacenter 15
96;SUCCESS;15;21;8;96;4;10500;10500;4;10;510;500;          50.00;         100.00;Datacenter 15
93;SUCCESS;15;18;8;93;4;11000;11000;4;10;510;500;          50.00;         100.00;Datacenter 15
98;SUCCESS;15;23;8;98;4;10500;10500;4;10;510;500;          50.00;         100.00;Datacenter 15
97;SUCCESS;15;22;8;97;4;10800;10800;4;10;511;501;          50.00;         100.00;Datacenter 15
50;SUCCESS;15;0;8;50;4;490000;490000;4;10;754;744;          50.00;         100.00;Datacenter 15
